{"delta": 0.0001861964438564393, "max_grad_norm": 0.1, "noise_multiplier": 19.53125, "epochs": 2570, "target_epsilon": 5.0}