{"delta": 0.00014572221048942262, "max_grad_norm": 0.1, "noise_multiplier": 10.185546875, "epochs": 2570, "target_epsilon": 10.0}