Batches,Hausdorff Distance,Total Travelled Distance,Sliced Wasserstein Distance,Time Reversal Ratio
1,0.22357574643672193,10411.60000475464,0.07179256658053282,0.17567054828324183
10001,0.18068994371198382,49147.82399724878,0.07796486485655764,0.18083885053338783
