{"delta": 7.226252994710285e-05, "max_grad_norm": 0.1, "noise_multiplier": 4.9072265625, "epochs": 1100, "target_epsilon": 10.0}