{"delta": 0.0001861964438564393, "max_grad_norm": 0.1, "noise_multiplier": 11.2548828125, "epochs": 2570, "target_epsilon": 10.0}